song_id,Like_Dislike
1246,0
2469,0
2666,0
3884,0
4207,0
4723,0
5049,0
7720,0
9792,0
3519,0
824,0
3078,0
3341,0
4476,0
5452,0
7794,0
9270,0
5683,0
4428,0
6918,0
8655,0
3646,0
1054,0
2671,0
7331,0
9937,0
2376,0
4989,0
469,0
513,0
4257,0
4368,0
4873,0
5474,0
5607,0
6103,0
6565,0
8576,0
507,0
930,0
1134,0
3843,0
3998,0
4752,0
4795,0
5154,0
7701,0
9085,0
8845,1
9915,1
4880,1
6355,1
8802,1
3550,1
9345,1
3213,1
6016,1
1219,1
8163,1
2985,1
1427,1
5960,1
7925,1
8384,1
2096,1
7117,1
63,1
5219,1
7489,1
7759,1
5530,1
1084,1
5166,1
366,1
1830,1
9235,1
6879,1
1010,1
2575,1
9461,1
1178,1
1480,1
7645,1
225,1
4192,1
5550,1
1843,1
7256,1
7391,1
1397,1
9121,1
3703,1
6874,1
9724,1
8586,1
4734,1
769,1
1461,1
442,1
280,
4859,
7678,
8378,
8419,
2815,
7699,
498,
973,
3717,
1014,
6567,
2217,
3301,
7624,
8499,
9752,
2382,
5031,
5720,
8210,
6820,
2505,
1202,
1297,
8383,
7355,
9476,
8593,
6753,
3346,
8768,
9329,
5773,
5420,
7660,
2437,
4744,
6564,
9784,
3888,
6634,
1443,
1268,
1348,
6825,
7217,
6599,
2714,
963,
1781,
6728,
7346,
5524,
1349,
6967,
9180,
1233,
7368,
3658,
4591,
5252,
7225,
7694,
7987,
8842,
6779,
1933,
2556,
2984,
570,
2307,
3857,
4218,
7869,
2632,
4222,
7121,
1675,
2158,
4235,
7706,
9508,
9876,
398,
3357,
8249,
4504,
3356,
7051,
7675,
3479,
2653,
3858,
6895,
9936,
34,
6787,
8216,
5456,
6215,
1105,
1520,
4039,
8967,
1658,
8341,
3048,
7314,
1204,
8460,
316,
3306,
9533,
9098,
2723,
6912,
7292,
478,
3051,
40,
7297,
2278,
8087,
8252,
7499,
201,
1910,
4270,
7812,
8773,
9642,
1351,
1856,
9619,
3474,
8651,
8885,
5656,
1295,
1974,
6791,
7484,
2348,
5653,
9371,
1020,
3818,
6441,
6804,
9614,
5253,
7161,
9532,
5443,
5339,
522,
2542,
4518,
8302,
4563,
1816,
2826,
3467,
3980,
4896,
5397,
6289,
6722,
229,
5327,
8046,
9535,
7032,
169,
1757,
7815,
4205,
613,
3182,
3418,
8275,
8512,
9150,
632,
845,
5569,
6300,
6843,
8697,
9706,
8994,
3379,
2551,
3313,
3832,
5034,
9414,
8336,
5356,
3040,
6135,
8047,
8119,
350,
3069,
1951,
2964,
6307,
1543,
2773,
4331,
8331,
9960,
6902,
8319,
7503,
1596,
6684,
7098,
7379,
7191,
7430,
3870,
3572,
6948,
4114,
549,
2294,
8781,
7323,
1742,
9039,
4685,
361,
431,
7501,
2399,
6192,
8647,
3248,
825,
1299,
476,
4094,
7289,
8306,
3349,
3685,
6155,
8889,
224,
3219,
5074,
9700,
1796,
4061,
304,
1039,
8010,
517,
9606,
3391,
3396,
9655,
5222,
679,
4849,
4622,
3,
2861,
5584,
7767,
9296,
6618,
1994,
5824,
497,
8128,
2246,
4250,
3052,
3891,
5746,
6632,
8430,
1223,
1328,
3236,
7134,
7364,
7414,
7614,
7811,
9133,
9453,
589,
3129,
5854,
6607,
8903,
9503,
3146,
4488,
7431,
7874,
5737,
6694,
8602,
1652,
2731,
3508,
5311,
935,
8428,
9153,
241,
1224,
3220,
3371,
3500,
4071,
4995,
6404,
7916,
9736,
9351,
1617,
5502,
5602,
5672,
8826,
9976,
5041,
9593,
6755,
8917,
7609,
1870,
4625,
7403,
8568,
3783,
6987,
1822,
3936,
5422,
5208,
5238,
6200,
8874,
3350,
8382,
3254,
6788,
4662,
2481,
6956,
1457,
2555,
1001,
4677,
1814,
8241,
9239,
5811,
528,
6314,
2535,
4398,
5674,
5067,
3946,
4118,
7094,
3281,
7342,
1023,
2070,
2623,
9148,
1383,
6061,
7690,
4029,
2381,
4644,
5362,
5705,
8645,
8958,
2937,
4718,
6540,
6929,
8901,
2627,
2830,
4089,
2190,
1998,
3697,
6076,
711,
4371,
7890,
8139,
9467,
253,
924,
3567,
4126,
5518,
7709,
2358,
2645,
3197,
5482,
4465,
6219,
591,
3692,
8779,
9553,
3921,
8030,
7340,
8569,
8770,
9212,
9964,
1615,
6199,
6407,
7312,
9332,
546,
831,
1522,
2082,
4269,
6119,
8369,
21,
3415,
6168,
4373,
4454,
5299,
5355,
9370,
4765,
3401,
4894,
2036,
3116,
7816,
4610,
371,
1594,
5743,
1090,
3684,
6518,
8453,
4265,
4806,
5145,
5231,
2920,
4586,
9786,
6855,
3285,
6911,
8685,
3267,
3694,
3670,
1673,
2089,
3880,
4462,
4693,
5187,
5300,
6214,
8038,
3105,
420,
5763,
6017,
211,
3038,
2801,
8228,
2799,
9110,
1393,
3017,
2870,
9052,
2035,
1298,
1726,
3774,
4692,
4837,
5472,
6379,
8625,
1487,
8486,
3397,
7106,
9221,
850,
1138,
2756,
1305,
1366,
4839,
6685,
7231,
3273,
1977,
2122,
3668,
1286,
2362,
3184,
7455,
7656,
8925,
9086,
12,
2266,
6410,
1120,
1272,
2105,
2455,
9114,
511,
2395,
1531,
757,
3124,
4305,
309,
2503,
6442,
7014,
7453,
8775,
9373,
9478,
7409,
9407,
178,
664,
2668,
4607,
8067,
5415,
3134,
9544,
8120,
980,
2504,
5287,
7860,
7269,
5134,
6011,
6942,
5858,
8308,
9519,
5934,
4847,
2953,
5156,
5393,
4541,
3483,
3781,
4772,
7265,
7679,
8559,
7774,
5718,
6000,
6286,
7389,
6097,
6288,
7594,
585,
1538,
3526,
4401,
5313,
6123,
9174,
9177,
8886,
4433,
803,
4321,
2146,
6243,
9266,
9944,
503,
8273,
8620,
875,
1698,
6228,
7509,
5912,
6580,
6672,
1818,
4125,
8137,
9613,
1118,
8316,
8784,
9346,
9590,
543,
5917,
8445,
8827,
1866,
3304,
3287,
3605,
5466,
4067,
6687,
848,
5309,
6490,
2273,
7498,
5251,
6205,
6946,
7902,
2016,
9673,
7570,
5624,
9843,
7002,
9637,
8546,
4226,
663,
6729,
7239,
7889,
9214,
9879,
3089,
1170,
1294,
3018,
3735,
6772,
7156,
605,
3876,
4863,
9758,
9890,
2682,
6287,
4842,
523,
2088,
4413,
7385,
8485,
9896,
3579,
7367,
872,
1839,
4353,
9444,
3187,
2280,
4507,
3636,
4467,
7327,
7615,
1148,
2843,
5644,
1606,
2205,
3456,
6102,
6525,
8755,
1586,
2211,
2279,
2612,
5517,
5946,
6263,
2100,
3088,
8438,
949,
6265,
6430,
8029,
9047,
9577,
6503,
3263,
3430,
3872,
5183,
5868,
9587,
1663,
5079,
5728,
9156,
4760,
4746,
940,
7394,
2051,
720,
7936,
1255,
382,
1160,
2024,
9722,
8172,
4659,
406,
538,
2327,
2574,
3154,
5766,
7450,
7907,
8590,
8847,
4827,
7234,
419,
1490,
9284,
450,
5969,
1108,
2754,
9132,
6913,
6437,
834,
1737,
2251,
6456,
93,
1598,
1957,
2572,
2802,
3365,
4456,
6284,
8040,
9821,
886,
1913,
2901,
3577,
3726,
1772,
5758,
2600,
3108,
2803,
687,
438,
5478,
6723,
9376,
619,
2605,
6939,
1542,
2239,
5086,
8754,
320,
2149,
2541,
2640,
2719,
2798,
3688,
7781,
8007,
1752,
3359,
4440,
5598,
7711,
3122,
4545,
5030,
6698,
7858,
8669,
9897,
1069,
4048,
4427,
6622,
6938,
8473,
9436,
4820,
8579,
888,
2257,
6151,
780,
6970,
4864,
7799,
182,
3132,
8338,
2510,
3135,
5552,
5926,
9170,
3733,
3868,
1314,
1623,
2818,
6326,
9232,
4548,
475,
774,
5122,
5468,
8831,
173,
3901,
3568,
1879,
553,
1310,
8494,
1154,
7723,
6822,
1405,
8700,
9209,
4648,
5901,
3207,
3671,
3903,
5361,
9644,
741,
2871,
5898,
9067,
3309,
4798,
5985,
2906,
7021,
8813,
9199,
3390,
4354,
4526,
6931,
8446,
4553,
405,
3554,
1327,
5444,
1934,
5986,
876,
1007,
4741,
215,
2182,
6310,
6621,
569,
4434,
6617,
9382,
1921,
2905,
4084,
5527,
5578,
5848,
7422,
9790,
2770,
582,
849,
3854,
3986,
4754,
8107,
8114,
9090,
9323,
2584,
4217,
4448,
5914,
7788,
9336,
2308,
5249,
8908,
5107,
2282,
6366,
3836,
4702,
5447,
7876,
1837,
2230,
4111,
4470,
4099,
9441,
3374,
5745,
5902,
938,
891,
9599,
9366,
5471,
8115,
6294,
4535,
9633,
1890,
4182,
7277,
6295,
7155,
6418,
6532,
3821,
6120,
7991,
682,
977,
1914,
3629,
7255,
2766,
2853,
7935,
9747,
1600,
271,
1708,
4609,
6488,
2119,
6483,
1261,
3295,
9059,
7736,
8049,
1504,
3460,
1575,
1719,
2322,
5563,
5806,
1741,
2899,
2919,
4695,
4779,
6426,
9468,
7196,
925,
1588,
9055,
9206,
8674,
5754,
9886,
3003,
5696,
4601,
6365,
9851,
4215,
9753,
3709,
7840,
9742,
7592,
8456,
6154,
3540,
5927,
7516,
7791,
602,
2185,
6578,
997,
1358,
1508,
2073,
2667,
3919,
4103,
8070,
8218,
8234,
2207,
7333,
7864,
9230,
564,
1077,
1692,
2918,
9193,
5098,
6619,
7862,
9490,
1231,
1330,
3145,
3470,
4568,
4865,
7555,
8558,
9309,
1597,
2501,
33,
1649,
3556,
4926,
7752,
8371,
9463,
6595,
2037,
3965,
5320,
1127,
2390,
6402,
7497,
287,
2977,
2430,
5082,
8816,
8051,
2502,
4992,
8532,
5977,
7924,
4860,
9018,
9639,
7479,
1157,
2414,
5035,
7599,
8222,
353,
5256,
9474,
216,
3806,
712,
8158,
4129,
4809,
7661,
8207,
8270,
74,
2171,
8123,
1568,
2904,
474,
1186,
5990,
8153,
4830,
3750,
5289,
9507,
5284,
936,
2079,
5538,
7589,
3770,
4276,
7053,
8988,
9797,
1985,
9750,
485,
7452,
8870,
8875,
9663,
250,
1561,
1191,
2118,
6830,
7236,
2110,
3675,
6065,
9113,
9830,
2364,
3524,
4200,
7954,
8937,
9994,
1864,
4304,
6806,
7515,
512,
4773,
5509,
9571,
3778,
2121,
7899,
1435,
6584,
15,
2259,
4240,
5594,
6863,
8075,
8950,
9451,
2298,
13,
3070,
1399,
1704,
3973,
9487,
3588,
6794,
2655,
9917,
1850,
4996,
5283,
6086,
125,
1198,
2049,
4466,
6882,
1377,
2392,
2633,
3158,
2986,
5144,
5434,
8077,
7472,
131,
4110,
4956,
3388,
5983,
2519,
7972,
9713,
700,
2238,
6083,
6756,
7539,
8849,
8113,
9391,
447,
5628,
6524,
6631,
5562,
481,
3918,
8858,
2285,
5411,
547,
2585,
4406,
4682,
6129,
9273,
9558,
416,
4241,
8214,
6509,
2188,
5109,
6070,
9325,
9413,
9630,
2336,
9520,
590,
996,
3755,
6703,
6832,
4495,
5199,
7643,
9024,
4536,
5650,
6058,
333,
5841,
2116,
5207,
6063,
6134,
6341,
7421,
8457,
8739,
9226,
638,
6927,
8490,
232,
3389,
217,
1815,
4085,
5210,
9676,
8043,
9509,
5733,
5786,
6800,
222,
9781,
5460,
1324,
444,
90,
1047,
4168,
8683,
1800,
2071,
3029,
8231,
2679,
3863,
7676,
6985,
115,
4516,
5364,
3412,
4818,
1624,
1782,
2170,
5178,
6613,
6715,
3462,
7895,
144,
3036,
5750,
7886,
8882,
2699,
5630,
6689,
7267,
7605,
8099,
9140,
2693,
8136,
372,
764,
5057,
9495,
1956,
1378,
3447,
5580,
7104,
5455,
9139,
4080,
5185,
893,
1237,
4171,
4908,
5193,
7750,
7852,
1236,
8289,
149,
3098,
3256,
3580,
183,
1440,
4708,
5387,
6351,
6623,
9787,
3565,
9240,
470,
9077,
7888,
6955,
2321,
6459,
4813,
6367,
8666,
5111,
7376,
4292,
5965,
4288,
3142,
4101,
6099,
6620,
8274,
9362,
1983,
3133,
3978,
4013,
6455,
8366,
2067,
8048,
8822,
2339,
3214,
3398,
8349,
4066,
8498,
2449,
3937,
4389,
1338,
2361,
6663,
2521,
4144,
5627,
6499,
3318,
2916,
5873,
7253,
2346,
2730,
3969,
5547,
7738,
1306,
4017,
401,
9020,
1163,
2345,
1979,
2081,
2935,
3649,
5863,
5135,
6140,
676,
4555,
213,
4273,
5629,
7947,
8237,
8998,
9825,
4330,
3045,
4968,
5288,
8714,
9188,
9780,
7769,
227,
36,
1394,
2094,
3174,
6311,
9080,
627,
2635,
9824,
278,
9534,
3926,
214,
530,
2577,
665,
2823,
4312,
8637,
800,
9880,
852,
967,
1270,
3514,
487,
5922,
6032,
6775,
8635,
4115,
9352,
493,
3586,
6303,
8724,
9245,
6117,
4345,
3446,
5612,
6209,
8449,
1718,
9096,
1618,
5958,
9975,
786,
1844,
2897,
4025,
6845,
8745,
9034,
9823,
4846,
6419,
8661,
4701,
7381,
7476,
136,
3016,
6768,
8377,
2076,
5096,
6262,
9076,
9422,
922,
4594,
4973,
2042,
5553,
2436,
6726,
7242,
8616,
9881,
4499,
499,
1705,
4483,
7398,
1340,
5201,
5798,
7953,
9760,
4671,
8105,
8031,
4595,
6745,
8356,
8904,
6980,
3012,
285,
5152,
106,
1442,
5328,
5948,
6649,
3239,
265,
1880,
3110,
3451,
5724,
5756,
8867,
9446,
1406,
1559,
7081,
9222,
7203,
2531,
7230,
295,
809,
6420,
9513,
9929,
911,
2166,
2751,
6889,
1553,
4496,
8068,
8511,
3007,
3922,
4897,
5827,
6831,
6655,
9255,
4539,
6502,
5140,
5498,
9123,
48,
978,
2139,
5916,
9289,
1514,
9570,
6776,
6896,
8644,
3644,
9811,
7824,
4403,
9957,
8148,
0,
319,
2176,
2738,
4387,
6577,
7689,
8181,
288,
4783,
7192,
4408,
5979,
1505,
2789,
3634,
7926,
2562,
577,
3141,
2228,
2638,
3813,
6513,
9313,
6285,
7871,
2425,
8909,
1343,
277,
492,
8933,
5171,
4147,
889,
1605,
4521,
9588,
3096,
760,
6812,
6861,
9987,
518,
1350,
7540,
3810,
5689,
399,
1696,
6166,
881,
3632,
5620,
1152,
761,
5757,
7251,
2450,
5568,
7111,
4334,
4359,
5508,
8832,
8622,
1929,
3745,
8435,
9378,
896,
2580,
6224,
1777,
2889,
8090,
5357,
6627,
7057,
8076,
9704,
1995,
2265,
5021,
4619,
2103,
2131,
2692,
4030,
4670,
5441,
5658,
9423,
1067,
1627,
2971,
6432,
2781,
6038,
1222,
6051,
9884,
6221,
8648,
9356,
335,
8806,
9861,
885,
5816,
6972,
975,
4370,
7042,
2277,
3643,
3342,
2010,
744,
6884,
7621,
540,
7173,
7939,
1484,
6191,
7172,
7995,
784,
1162,
3533,
9863,
1252,
3109,
6700,
204,
1643,
3173,
4668,
4946,
5274,
5323,
6473,
9259,
5241,
6270,
5342,
9411,
828,
1214,
1254,
1493,
3589,
8862,
3505,
6593,
55,
7640,
8327,
2155,
5343,
756,
1532,
2792,
5982,
2373,
8516,
641,
1712,
3809,
5173,
5681,
2433,
3736,
9501,
435,
725,
7316,
8267,
8736,
4725,
6844,
323,
2924,
5115,
7600,
8716,
1784,
5932,
5105,
2894,
8996,
716,
2998,
5438,
2928,
3537,
7616,
8277,
8705,
9875,
3286,
5551,
5954,
7579,
5764,
7268,
101,
5919,
7177,
7929,
472,
527,
3100,
4954,
6188,
6253,
8335,
8580,
2213,
6484,
9216,
9565,
3452,
7241,
4500,
9040,
5735,
2987,
5707,
2530,
2972,
3804,
4306,
3828,
4889,
9203,
8726,
4077,
6217,
1107,
6683,
6951,
8825,
9,
26,
2403,
7205,
1999,
4920,
4979,
8921,
9581,
3486,
4587,
4816,
5123,
5366,
2528,
4871,
8314,
9260,
9754,
4777,
2689,
1972,
3829,
4202,
5497,
8281,
9100,
2854,
912,
7717,
1009,
7262,
6548,
4212,
574,
3672,
4405,
7384,
9428,
575,
4320,
3797,
2758,
1096,
3151,
1024,
2487,
5883,
1115,
4246,
4799,
2508,
3102,
7321,
8183,
7473,
9607,
9641,
3320,
4352,
5425,
7176,
934,
4372,
9640,
3409,
6798,
8521,
9536,
2252,
5084,
3324,
1081,
6150,
363,
2126,
6197,
6171,
7885,
1017,
8106,
9953,
1755,
6702,
7762,
2762,
3497,
2129,
1172,
2052,
4489,
9930,
2032,
841,
3637,
5237,
179,
8422,
4042,
2456,
6413,
1238,
1309,
1387,
6232,
7012,
7778,
6179,
448,
8395,
4934,
5192,
9257,
4481,
1944,
8615,
9452,
3315,
6541,
7245,
8004,
9094,
8888,
4740,
670,
1860,
966,
9926,
1746,
4282,
6936,
1455,
3511,
4802,
8055,
8746,
2836,
7488,
8242,
6538,
9302,
9538,
5573,
8421,
7034,
2169,
5679,
8771,
3640,
4287,
2001,
2448,
4247,
4843,
7107,
9165,
3117,
4912,
2516,
5686,
5494,
5525,
9980,
379,
994,
8646,
7733,
9692,
4966,
5068,
5591,
5778,
4300,
8510,
4950,
6546,
7125,
7373,
8170,
8458,
3476,
7153,
8633,
4854,
7880,
8799,
307,
7646,
1811,
1212,
3959,
7785,
9342,
7494,
4146,
2108,
3826,
3297,
635,
4378,
4748,
5879,
5951,
6291,
7565,
8466,
9286,
6369,
7099,
5065,
206,
2210,
5124,
6757,
8124,
343,
2027,
8404,
8759,
7817,
8926,
3515,
3766,
3852,
5194,
4010,
6536,
9848,
9996,
310,
2777,
4294,
5204,
2267,
3687,
5862,
8416,
9852,
3393,
5685,
6329,
7336,
7961,
8239,
9007,
9410,
7647,
1524,
2324,
2411,
5376,
6602,
2620,
2060,
1806,
6917,
9836,
5047,
877,
2525,
7526,
9088,
9703,
5459,
5690,
9559,
3121,
8247,
6454,
2120,
4694,
9828,
2514,
2675,
4551,
5214,
611,
4096,
4874,
8991,
661,
1293,
1907,
5139,
5358,
6941,
2033,
2737,
8174,
3429,
4315,
5081,
7140,
7485,
4882,
3369,
4762,
4791,
5094,
5467,
6336,
9111,
9991,
2856,
9017,
4060,
8303,
8330,
2317,
5391,
9517,
1635,
1790,
9586,
9855,
2349,
9172,
494,
1774,
4044,
8653,
7823,
8944,
9185,
5097,
2617,
2761,
7019,
324,
701,
1475,
2398,
2573,
2775,
4006,
4407,
5665,
4660,
7474,
9608,
9275,
1855,
6121,
7184,
9218,
495,
3595,
6556,
7748,
731,
1924,
5315,
7536,
9755,
5155,
8026,
2636,
5038,
8796,
4097,
6160,
6940,
8057,
9928,
8524,
1353,
6177,
552,
2841,
2833,
3259,
5177,
1182,
1634,
1803,
6760,
7387,
3700,
797,
8133,
291,
3765,
7008,
1025,
5332,
3294,
2330,
2929,
375,
2677,
5142,
789,
5495,
2323,
7079,
3466,
3807,
1919,
576,
1927,
2527,
4155,
7766,
7927,
205,
6277,
6352,
9966,
1748,
3202,
5729,
3244,
3585,
8282,
8230,
6339,
8304,
9400,
9685,
1217,
1900,
3437,
4153,
8053,
4475,
7114,
7413,
1234,
1614,
6444,
7393,
1257,
4079,
8373,
6730,
7415,
847,
1899,
4169,
5461,
6733,
7187,
257,
6302,
1341,
3094,
3769,
4691,
9394,
8519,
3908,
6650,
9197,
2416,
5172,
7461,
9579,
599,
626,
3725,
4143,
1738,
2680,
3808,
4784,
7086,
7199,
8657,
6992,
171,
5120,
9603,
2168,
8671,
9064,
37,
3914,
6453,
8800,
4349,
6818,
5955,
9793,
2658,
4337,
5855,
6005,
8864,
1408,
4544,
6590,
2225,
128,
2903,
9990,
6308,
5076,
8108,
8694,
1828,
5814,
1136,
4564,
385,
9800,
2102,
7441,
3139,
177,
1654,
5949,
9386,
5439,
696,
4557,
9904,
5711,
7417,
3162,
197,
1506,
4788,
5732,
6501,
8608,
622,
1045,
2741,
858,
9782,
615,
2044,
9970,
3896,
4439,
7521,
7873,
2068,
9783,
8155,
6506,
5576,
1622,
4074,
4538,
6056,
7097,
8110,
5892,
3599,
7507,
210,
9690,
5673,
3269,
6148,
6675,
9082,
8588,
2900,
5322,
5634,
9149,
3720,
7055,
3457,
7644,
9363,
9840,
5290,
5258,
9087,
9318,
688,
4910,
7425,
8353,
166,
931,
1577,
9573,
4277,
7897,
8640,
8652,
579,
2154,
4653,
7016,
9932,
813,
865,
8250,
3031,
565,
1644,
5206,
7087,
6156,
7345,
4151,
8015,
666,
6870,
9885,
3822,
554,
4993,
8528,
1474,
7353,
3107,
6208,
9749,
3819,
9662,
957,
3119,
2663,
148,
159,
1819,
3596,
3929,
4116,
4810,
7129,
1989,
2386,
3856,
6807,
4866,
6087,
2760,
6475,
2197,
6680,
6890,
9795,
9985,
671,
4284,
4445,
4939,
5938,
8093,
8529,
5125,
8470,
8572,
1018,
2331,
4876,
6997,
7064,
612,
982,
8665,
9058,
117,
539,
836,
7410,
7735,
6128,
811,
4285,
7437,
8126,
8233,
8444,
2997,
3528,
6873,
8211,
4278,
8495,
3541,
7827,
2495,
7293,
9810,
3582,
2199,
9285,
1916,
3817,
7193,
4335,
1418,
6695,
7130,
7180,
9184,
9246,
4937,
1379,
8092,
3322,
9910,
393,
992,
4689,
6605,
6782,
6809,
7573,
920,
4614,
4561,
5609,
1296,
9858,
5671,
7965,
7257,
6814,
9920,
531,
3885,
5701,
6570,
2055,
6777,
3502,
4477,
9510,
4567,
7973,
8691,
5893,
3206,
3347,
8717,
7666,
8307,
2388,
9576,
9764,
3022,
3344,
4340,
5009,
8555,
4420,
5652,
9767,
6026,
6801,
7392,
2959,
7061,
8924,
49,
7757,
8811,
2301,
3432,
6530,
1975,
2296,
154,
4623,
6071,
8132,
6133,
458,
7802,
328,
4158,
6136,
745,
2396,
6423,
7000,
7207,
9387,
96,
2135,
2438,
4137,
4191,
1064,
1662,
839,
3834,
8537,
5269,
2152,
2412,
2813,
8624,
370,
4836,
5632,
8591,
9768,
1832,
3026,
5667,
5998,
6543,
7542,
8264,
8939,
608,
5470,
6318,
64,
1846,
1965,
4104,
6161,
8084,
1029,
3348,
4868,
5770,
7996,
9151,
8940,
1958,
3691,
8225,
3657,
1845,
8914,
7980,
437,
9421,
2915,
3333,
6041,
5925,
6533,
6869,
8387,
9518,
1185,
2793,
3724,
3033,
4303,
5347,
8871,
873,
5424,
9341,
3020,
5377,
8423,
8795,
8797,
8468,
7174,
3654,
6157,
22,
6396,
1000,
2988,
4503,
9756,
51,
610,
4888,
7112,
2613,
9733,
3833,
5717,
103,
3367,
846,
2588,
2736,
8484,
2132,
439,
2333,
5559,
2619,
2629,
9779,
1253,
2357,
5826,
7721,
5641,
6113,
6185,
520,
5962,
8959,
9540,
1892,
5426,
919,
5481,
7742,
486,
488,
2326,
2805,
4123,
8935,
1403,
1655,
2559,
5060,
5613,
6089,
9433,
7674,
2497,
2676,
7559,
1780,
3779,
5519,
8557,
5276,
1502,
5016,
8953,
6328,
3097,
3336,
4835,
8417,
427,
751,
2618,
798,
4658,
1226,
2884,
155,
4063,
6176,
5023,
2410,
2642,
4065,
5303,
7247,
2320,
3762,
5915,
6696,
8200,
9006,
9432,
9765,
4899,
3082,
5480,
7611,
9864,
2342,
3279,
3751,
6091,
6813,
7423,
7530,
8141,
1005,
6793,
1121,
3053,
9010,
3068,
3172,
3283,
8762,
8957,
1481,
2701,
3728,
9561,
1141,
5839,
1717,
430,
1545,
4471,
4669,
5191,
3099,
4008,
4921,
5286,
4928,
7636,
8719,
4128,
3910,
5465,
9460,
1820,
7447,
354,
1410,
8185,
9104,
57,
1739,
4515,
6105,
6542,
8176,
4062,
2025,
3410,
7139,
5004,
1750,
1976,
7988,
8545,
816,
2447,
6528,
1714,
6045,
380,
4469,
4505,
252,
5108,
6492,
1027,
4379,
4021,
6009,
4512,
4808,
2224,
2494,
6111,
1833,
5961,
6246,
9516,
4722,
6624,
4657,
6780,
810,
3786,
4661,
3877,
3909,
5795,
6549,
6638,
8109,
7560,
2704,
1682,
3768,
4511,
5565,
5606,
7137,
17,
1785,
9439,
8431,
6092,
2341,
4796,
693,
3325,
4141,
1917,
8094,
8292,
8780,
5980,
6710,
2999,
4391,
8603,
941,
4326,
6048,
8014,
6679,
7658,
5121,
6371,
7029,
8240,
964,
1829,
2249,
6630,
7775,
29,
785,
3271,
3606,
2008,
5272,
4120,
3066,
5061,
8681,
8817,
6211,
7629,
6854,
698,
2084,
4943,
6268,
1357,
3549,
7424,
7968,
9543,
4680,
3058,
5464,
910,
1485,
3027,
5984,
7777,
1441,
3011,
5267,
6429,
7022,
5959,
9845,
1089,
4324,
6835,
9521,
3652,
6842,
2790,
9281,
9634,
8504,
2366,
9486,
9761,
1862,
25,
1281,
6740,
7513,
9729,
193,
969,
9147,
2867,
4183,
8952,
8482,
7596,
4681,
5063,
6033,
705,
1834,
8253,
92,
1339,
2086,
2616,
8439,
8987,
2609,
3851,
4850,
5228,
4985,
2181,
5003,
4041,
9945,
4676,
5792,
3715,
8284,
8601,
9688,
7138,
3046,
6961,
9103,
140,
1026,
1460,
1681,
3434,
4502,
4571,
8861,
2283,
3014,
3878,
796,
3075,
4054,
7408,
7716,
8168,
8807,
644,
2347,
2992,
7942,
4484,
7043,
9384,
58,
1500,
2784,
5730,
1232,
1889,
5330,
8722,
9330,
826,
1092,
8427,
808,
4501,
5195,
5363,
9401,
4728,
276,
1218,
3494,
6060,
5392,
4997,
2212,
6591,
8734,
9488,
2763,
9812,
3916,
4712,
8905,
8772,
1470,
3701,
2602,
3947,
1169,
1336,
594,
7058,
7326,
3702,
1986,
6508,
5676,
1672,
2776,
4531,
8199,
8587,
3284,
3924,
4390,
6725,
6875,
3380,
3930,
3231,
9459,
917,
4164,
4870,
7727,
3113,
7563,
9079,
1334,
7673,
9958,
6116,
9377,
4998,
8865,
1940,
5866,
5662,
7912,
8743,
9157,
453,
1779,
4221,
4254,
5406,
6067,
9566,
607,
3883,
7198,
3229,
9741,
1766,
4078,
4732,
6298,
9066,
9303,
9418,
654,
921,
1213,
2066,
4023,
8997,
9268,
9680,
2796,
7597,
7915,
6331,
956,
4793,
5462,
2214,
8956,
4697,
8192,
5682,
7854,
6348,
1129,
1482,
1651,
5050,
7001,
736,
1367,
2868,
6109,
9670,
1966,
2112,
7374,
7544,
506,
3126,
6184,
3708,
7857,
8538,
9315,
596,
3784,
4964,
5022,
6653,
8286,
9656,
1143,
6945,
7325,
9802,
5548,
9107,
1959,
3935,
4497,
1079,
9306,
176,
2821,
199,
724,
2945,
4911,
7754,
8910,
783,
8169,
1365,
5894,
8536,
2564,
1370,
2343,
3241,
4805,
5435,
8815,
8659,
6006,
1852,
7851,
8215,
8299,
8704,
2921,
3753,
6271,
297,
2429,
5014,
7967,
3291,
4933,
7363,
2930,
5319,
7343,
4936,
3775,
6316,
7800,
441,
4245,
9696,
5510,
3216,
5159,
6238,
9254,
9583,
421,
715,
928,
2216,
2694,
2886,
3308,
3859,
6164,
1769,
9622,
9701,
2305,
2603,
5275,
5943,
8571,
8101,
1694,
2771,
4189,
2281,
6810,
5953,
7348,
4274,
5533,
7361,
6714,
6795,
3015,
4825,
5024,
260,
2804,
5808,
6165,
9215,
623,
3757,
4853,
6671,
9381,
1498,
5726,
7026,
6258,
145,
5404,
7143,
2085,
5887,
7113,
2340,
8792,
5633,
6712,
8441,
2478,
329,
5531,
6018,
7308,
7352,
83,
4366,
7358,
1289,
3748,
4656,
4814,
6386,
9500,
1537,
3894,
4424,
7337,
9653,
1525,
7054,
9891,
1258,
4323,
863,
1896,
3803,
6493,
6589,
7743,
226,
332,
7222,
7758,
732,
3276,
3591,
4243,
6838,
4,
1665,
6085,
1459,
1786,
5753,
1723,
1776,
3215,
9686,
4328,
7818,
8960,
9849,
2215,
3408,
5150,
8976,
9160,
9595,
9702,
7682,
9773,
521,
765,
1911,
4339,
4892,
5861,
6020,
8396,
9220,
9638,
3542,
2553,
4636,
3994,
1363,
3065,
3443,
4028,
6167,
7045,
7464,
6207,
9707,
3238,
7442,
9406,
3314,
4281,
5503,
9627,
9993,
6885,
228,
3431,
4211,
3444,
3635,
3655,
584,
1761,
5853,
7553,
9190,
537,
2874,
417,
5785,
6344,
6817,
6981,
7782,
3772,
5158,
4735,
1382,
4821,
4487,
9493,
7845,
8820,
3667,
5869,
1040,
3796,
9723,
4098,
1585,
8942,
6582,
4731,
4253,
5416,
7319,
7428,
683,
1094,
1603,
8621,
1423,
621,
1685,
7463,
7829,
1647,
1720,
5394,
6234,
8483,
2191,
3997,
8634,
9548,
1362,
1706,
4703,
351,
6973,
9427,
1466,
2948,
6744,
7418,
2074,
7282,
8235,
8543,
1509,
1625,
3310,
5940,
8450,
9492,
9922,
6096,
7370,
5270,
819,
5069,
7900,
9525,
5597,
7970,
7932,
2578,
4914,
3963,
9589,
1908,
8609,
8783,
167,
272,
651,
739,
1918,
4410,
6249,
7830,
9575,
3699,
4419,
5973,
8718,
3250,
88,
2200,
4015,
7426,
4135,
4675,
5587,
5789,
6682,
8436,
7407,
5246,
5884,
9554,
4986,
8295,
9057,
8448,
9228,
4351,
4318,
7625,
3991,
7462,
8024,
5026,
5221,
1476,
9498,
9912,
1301,
463,
3319,
3478,
8209,
9173,
2506,
3149,
722,
2161,
5268,
6299,
6762,
1086,
8948,
9834,
9310,
436,
1239,
2245,
4990,
482,
1762,
9202,
188,
1489,
6035,
6162,
7801,
9349,
2544,
5540,
8642,
9081,
9791,
72,
5837,
6004,
9250,
4893,
9550,
413,
779,
2548,
3180,
4130,
5489,
5882,
5895,
5566,
1243,
4227,
4566,
5341,
6158,
207,
1164,
6705,
630,
2233,
6126,
6257,
6883,
8787,
9014,
8154,
6994,
7070,
8276,
3746,
5727,
6375,
954,
5631,
1300,
1962,
1967,
7371,
5224,
2591,
883,
5835,
7910,
9681,
3024,
3274,
4617,
8165,
8202,
4167,
8118,
1307,
3696,
9000,
1432,
6462,
9631,
8080,
3237,
6904,
7919,
9827,
109,
266,
853,
9954,
595,
1689,
3985,
4380,
4717,
9308,
1765,
5542,
2624,
112,
1128,
2234,
5073,
8928,
2021,
3204,
7279,
3422,
8565,
1347,
116,
9485,
2767,
6759,
7444,
9335,
1177,
3984,
9225,
8492,
2428,
7535,
7613,
1945,
3125,
5888,
9665,
7548,
1993,
1865,
5126,
7702,
7719,
9238,
588,
7979,
5186,
2811,
2685,
4259,
5335,
2743,
2859,
5560,
9029,
1687,
2284,
2287,
5748,
4852,
4393,
8452,
9008,
4297,
7746,
8554,
296,
6858,
7005,
5036,
7571,
9364,
6604,
551,
1619,
5132,
4696,
4356,
5167,
6553,
8102,
2195,
4726,
4730,
5255,
2470,
3127,
5575,
3686,
5492,
7158,
898,
1453,
1555,
4700,
4781,
6431,
9025,
9168,
6686,
6880,
548,
1042,
1316,
6660,
7017,
6643,
3340,
5181,
5809,
7382,
89,
2063,
3278,
5015,
5427,
1438,
1626,
3192,
6893,
9252,
6537,
2353,
9344,
9464,
9031,
1102,
2019,
2471,
3650,
5307,
8269,
1452,
7842,
1075,
4388,
4590,
4884,
5477,
8333,
2192,
2184,
3175,
3545,
4343,
4593,
5318,
7619,
5828,
2910,
4436,
3739,
9989,
7105,
5321,
7525,
9979,
1275,
2529,
674,
7341,
2759,
2926,
953,
1699,
6391,
7831,
5454,
2966,
6389,
6350,
8598,
1176,
2876,
466,
812,
4608,
3600,
4156,
4072,
7250,
4350,
8072,
9675,
5918,
2157,
5834,
460,
8790,
1906,
6195,
1071,
5528,
424,
1167,
3613,
6867,
8081,
3190,
4342,
6995,
7993,
8410,
9012,
445,
3436,
3601,
8146,
8180,
7984,
39,
2369,
3200,
3995,
4432,
4902,
6934,
8083,
8405,
3682,
7273,
3004,
6841,
1885,
2302,
3898,
8420,
3156,
7511,
6732,
730,
2402,
3764,
3788,
5957,
8859,
9062,
5740,
1886,
3454,
293,
5344,
7335,
7395,
667,
6141,
8145,
9659,
133,
8931,
2026,
1595,
8553,
9596,
1368,
3120,
1038,
1713,
598,
1950,
3590,
4872,
7228,
5799,
8727,
2144,
5374,
5709,
303,
1111,
3587,
4447,
3170,
3900,
4338,
9440,
9359,
815,
2683,
3490,
5592,
7219,
1970,
1184,
2622,
6998,
5116,
3334,
4543,
4953,
2690,
8684,
1469,
5436,
8672,
9403,
1810,
6170,
6443,
7549,
8520,
6138,
212,
391,
5976,
8414,
1036,
3464,
3489,
4642,
8583,
369,
312,
5245,
5708,
6421,
837,
38,
4569,
4517,
4552,
5490,
6608,
1291,
4579,
5458,
5971,
6616,
9412,
9666,
5723,
377,
4743,
6114,
3873,
4927,
236,
1331,
3059,
3576,
8195,
9914,
2687,
6558,
7123,
301,
4032,
5802,
8022,
8143,
5561,
7726,
2274,
999,
5872,
6028,
9210,
2991,
4707,
4861,
8852,
386,
6110,
1409,
2812,
3907,
8425,
9672,
9835,
9892,
9030,
4674,
4603,
4113,
8611,
2031,
4438,
1439,
2592,
2417,
5,
2712,
3251,
4360,
5051,
8069,
9042,
600,
4738,
7035,
2220,
2420,
5545,
4822,
7787,
9803,
9808,
2053,
2141,
7576,
2942,
6012,
6504,
4792,
942,
6275,
998,
9769,
3563,
10,
3252,
3382,
4175,
7557,
5403,
1197,
9923,
8639,
255,
2018,
3343,
8763,
768,
1731,
2644,
2887,
3298,
7258,
8589,
714,
8298,
2769,
878,
3092,
6340,
7038,
7072,
7562,
8785,
9465,
9807,
631,
5080,
8523,
4092,
6738,
7495,
9505,
9657,
3064,
6851,
672,
7532,
4429,
1451,
8127,
180,
2011,
4203,
4327,
6435,
6521,
8980,
2569,
5907,
642,
3669,
4457,
5944,
5906,
9091,
6415,
9772,
2708,
2732,
4037,
4336,
6261,
8150,
8411,
7010,
1417,
1437,
5310,
6269,
8650,
6783,
7517,
8368,
8899,
2739,
6823,
1112,
3469,
8364,
3189,
2960,
2496,
4753,
9263,
7561,
7572,
7985,
9092,
2240,
3513,
4011,
3199,
5904,
8379,
9063,
9243,
6928,
5557,
1032,
1346,
2540,
3594,
4451,
4789,
5070,
6098,
8619,
20,
267,
1711,
2415,
6417,
6592,
7344,
5133,
9597,
609,
2237,
3506,
5820,
6213,
2101,
334,
7623,
3999,
5670,
8564,
1683,
1884,
2630,
7728,
8500,
637,
3651,
3902,
9697,
2272,
6585,
4736,
2229,
5710,
9380,
7763,
3618,
8064,
6250,
7062,
8884,
9483,
9895,
8178,
8129,
3079,
3538,
4486,
4929,
8065,
8505,
8563,
9504,
586,
1273,
5991,
9480,
9601,
1760,
1808,
4386,
6557,
8493,
1374,
2194,
2698,
6594,
9248,
1775,
2593,
2933,
9709,
5942,
1215,
4136,
6991,
8689,
2965,
656,
1871,
2892,
5556,
7263,
7311,
7448,
9195,
9567,
7593,
2996,
5421,
884,
3217,
3395,
6229,
6743,
516,
2520,
4665,
5595,
5796,
6193,
59,
5092,
8224,
9074,
4969,
1288,
2484,
8280,
9952,
325,
4213,
7722,
367,
5539,
5488,
4611,
8162,
5693,
6388,
7523,
9144,
464,
1702,
4919,
7677,
47,
773,
5402,
6568,
8301,
8321,
3626,
2164,
791,
5212,
5449,
8050,
673,
2944,
9392,
9402,
754,
2824,
3354,
4513,
4940,
6711,
8393,
916,
4038,
4600,
5588,
6988,
7969,
892,
4683,
9804,
7671,
8472,
7065,
2755,
4917,
7908,
8551,
8758,
9621,
2151,
4166,
6563,
1562,
2851,
5211,
7372,
6100,
2764,
31,
8477,
8982,
9935,
3917,
6327,
362,
685,
2596,
3218,
5767,
5852,
8398,
4530,
718,
2040,
4801,
5062,
7287,
7405,
7116,
7420,
7604,
5017,
3090,
4529,
5648,
8130,
8372,
8830,
2297,
6382,
4299,
4597,
5975,
6596,
158,
2058,
2253,
3255,
4411,
4838,
6466,
3057,
7178,
5692,
5529,
6498,
8723,
9496,
1878,
2355,
3370,
6677,
4629,
7377,
580,
4951,
5225,
6175,
9947,
835,
5273,
6834,
9108,
1013,
4468,
2779,
3468,
4618,
5262,
7224,
9853,
6871,
3638,
9256,
3062,
230,
1088,
3831,
8061,
9738,
3032,
7478,
8066,
8173,
3144,
5161,
1539,
6954,
8363,
8970,
9462,
8413,
9196,
4540,
8720,
1540,
3830,
7850,
9776,
2814,
3850,
8682,
4690,
2654,
3339,
3522,
4952,
5908,
9984,
7834,
4289,
8856,
1798,
2030,
3148,
3681,
3707,
4749,
4903,
8541,
5618,
7482,
8489,
8515,
9264,
8388,
8017,
4057,
2460,
8078,
2571,
3249,
3623,
6920,
8344,
2187,
4834,
7948,
558,
1630,
4272,
6986,
2807,
5240,
1546,
1051,
4361,
6908,
1097,
5165,
1898,
5179,
6392,
7071,
7538,
82,
1501,
2545,
4314,
7772,
9186,
9796,
3128,
7839,
7878,
8965,
2862,
3923,
4237,
5197,
5298,
6519,
8506,
7500,
3642,
4710,
5741,
5768,
8086,
127,
501,
709,
2262,
4139,
5945,
8923,
3962,
6439,
7804,
9918,
3331,
9814,
5042,
6720,
6750,
2226,
4138,
3698,
4824,
5571,
98,
1616,
9304,
620,
1479,
6923,
7362,
9605,
5500,
6646,
6267,
514,
3337,
8702,
9822,
8649,
541,
7110,
7288,
8793,
2625,
4348,
4461,
5649,
5780,
7844,
2143,
4961,
4437,
4162,
1516,
5821,
1629,
6186,
8855,
8938,
1700,
5110,
3553,
8892,
1065,
2419,
5410,
6999,
2533,
5209,
490,
9986,
3087,
7189,
4082,
5418,
2290,
8339,
2878,
3944,
7928,
4450,
7849,
7859,
8358,
8679,
9759,
6778,
2221,
3663,
6010,
6115,
8345,
6853,
6183,
7063,
606,
3378,
7124,
6510,
6965,
5295,
6477,
3223,
6337,
6472,
322,
1496,
5230,
844,
1292,
5027,
5836,
9117,
6597,
1412,
5610,
5987,
9011,
2271,
3225,
7074,
5507,
9967,
7793,
407,
3509,
8877,
5353,
2453,
8846,
4747,
5450,
9584,
993,
5373,
345,
3721,
4397,
5747,
9699,
2474,
945,
4549,
9497,
2554,
7990,
468,
2400,
2431,
3427,
5657,
6670,
1201,
1947,
7439,
9198,
456,
7962,
728,
5496,
8313,
6108,
164,
7048,
6405,
3037,
4199,
5205,
3893,
5083,
6708,
8259,
9353,
545,
4673,
5479,
7790,
9314,
2050,
5101,
7918,
9714,
2720,
3543,
897,
4052,
6523,
7821,
5669,
7388,
8896,
9862,
4197,
8984,
9398,
3989,
9163,
6064,
6877,
1636,
1938,
3243,
9471,
2978,
5220,
5008,
3290,
8469,
6486,
4026,
9194,
3712,
5296,
2375,
4308,
2165,
3001,
3683,
3882,
8111,
1206,
1727,
1805,
5843,
239,
249,
1937,
2334,
2652,
7531,
5056,
1251,
1904,
2517,
2958,
4238,
4803,
7298,
1355,
1569,
2486,
4154,
4402,
6428,
9813,
5903,
6345,
8042,
723,
830,
1068,
3461,
6240,
5236,
5371,
8573,
1550,
3498,
7470,
3280,
4634,
6385,
7435,
471,
2054,
2219,
8542,
8922,
3421,
3815,
7351,
9208,
3624,
4915,
6511,
9182,
6850,
9009,
4007,
2432,
4268,
7627,
7109,
6857,
172,
2091,
3093,
7359,
5149,
2499,
6242,
4646,
7949,
3485,
3424,
6925,
7068,
1874,
502,
629,
1323,
1431,
1637,
3150,
7838,
8147,
7581,
273,
1763,
5365,
7096,
8989,
9037,
181,
906,
2932,
7036,
3932,
5896,
861,
1165,
5876,
9623,
927,
9854,
519,
4058,
6636,
8009,
9397,
8098,
6364,
1277,
1877,
1116,
3621,
669,
6534,
7171,
8605,
8737,
1728,
2598,
8481,
578,
4711,
5582,
8750,
9636,
1448,
8627,
220,
7483,
8260,
5423,
3416,
4704,
5244,
7635,
7664,
7518,
9894,
9154,
283,
9137,
9715,
2004,
3911,
9562,
1304,
1428,
1547,
3002,
4757,
1242,
9661,
1527,
2922,
3827,
4655,
6984,
1574,
8189,
428,
8977,
9073,
186,
8837,
7243,
1080,
2832,
7657,
7740,
7685,
1229,
7183,
1335,
1875,
2372,
6642,
7179,
4045,
6656,
7396,
7920,
8789,
2268,
1230,
5131,
6424,
7514,
355,
3940,
6667,
7574,
9162,
396,
691,
1895,
3611,
1590,
8854,
903,
2865,
4105,
5805,
5850,
6974,
8809,
9124,
9728,
3353,
1187,
4452,
681,
4186,
3866,
8300,
9324,
422,
2075,
2710,
5651,
8229,
9122,
1264,
4719,
9856,
119,
1420,
2457,
2688,
4931,
5446,
7522,
7820,
7877,
6212,
3741,
9280,
1869,
864,
8693,
78,
5013,
6187,
1073,
3201,
9176,
9572,
4643,
6693,
2896,
6645,
8196,
19,
1639,
9404,
5890,
9526,
5128,
2750,
6457,
1751,
6330,
5909,
9375,
8614,
8198,
8824,
2041,
8552,
4376,
9236,
652,
6968,
9242,
208,
4375,
5615,
8283,
6427,
1099,
9556,
950,
344,
1853,
3662,
4472,
5431,
6206,
6357,
6971,
7375,
7931,
9801,
4640,
2314,
6023,
14,
3604,
311,
1031,
1114,
2047,
2136,
4415,
5830,
5190,
5815,
4091,
799,
9131,
3385,
5369,
4906,
2337,
315,
358,
1981,
9350,
6465,
3742,
4705,
1208,
3690,
4948,
1021,
5176,
509,
4283,
4786,
248,
9628,
7493,
5572,
2038,
3754,
3837,
6446,
6953,
7324,
9420,
9968,
3073,
9725,
2150,
2172,
4075,
4887,
6792,
7602,
9393,
6235,
8535,
4385,
1059,
4117,
4918,
5744,
8334,
1691,
3203,
5473,
7301,
3282,
4069,
6046,
3376,
8418,
9658,
4150,
2684,
5937,
1847,
5226,
6015,
8835,
5810,
3013,
5599,
263,
1722,
7731,
1373,
3435,
6081,
5697,
7471,
900,
3925,
5738,
2328,
3262,
4459,
5175,
5611,
7971,
8197,
3971,
640,
1322,
2413,
5250,
9551,
1269,
5242,
9494,
9815,
8226,
7665,
2938,
6859,
8407,
9013,
9101,
5368,
8626,
4935,
1372,
1693,
2159,
4624,
7339,
7591,
8507,
8581,
9136,
1205,
944,
1056,
5687,
882,
1859,
3362,
6901,
8179,
8584,
9941,
331,
2546,
7200,
7145,
2537,
7318,
473,
7214,
8279,
8673,
9682,
3300,
8949,
1536,
5232,
2258,
7168,
4355,
7227,
7317,
8907,
1902,
859,
3956,
52,
990,
5302,
7783,
2378,
5380,
3296,
8560,
2368,
4925,
44,
4972,
5325,
8340,
2451,
1194,
5742,
3406,
8945,
8530,
4737,
5655,
9789,
451,
6414,
8729,
8731,
1189,
5007,
7101,
7641,
9654,
9609,
755,
1863,
3264,
4122,
4223,
9766,
2828,
2742,
4302,
6458,
342,
2806,
7039,
347,
9032,
9179,
8604,
6174,
6586,
7211,
3547,
1767,
2464,
6515,
7534,
8157,
8320,
9698,
1179,
9049,
9545,
5751,
7404,
7681,
556,
2072,
4317,
1825,
6989,
2057,
5189,
8142,
1287,
6409,
567,
1997,
4583,
7551,
9956,
2626,
4422,
5294,
6550,
633,
2500,
9645,
6847,
8514,
1227,
747,
2223,
8001,
6517,
5860,
8386,
987,
5340,
7284,
3402,
3874,
4087,
5616,
6380,
6764,
8112,
9770,
9902,
4878,
7380,
7730,
6025,
7432,
1801,
1912,
4185,
8244,
1915,
2718,
8362,
5484,
1028,
1155,
3955,
2421,
4684,
289,
1404,
2848,
4262,
6615,
9514,
191,
1320,
5243,
6983,
7705,
1449,
981,
3730,
3841,
5739,
7254,
2849,
3477,
8138,
9938,
8699,
9530,
5823,
4797,
6084,
7956,
9050,
9982,
9340,
6320,
8966,
2864,
3230,
3664,
4599,
2869,
6180,
7780,
349,
2956,
3394,
4651,
8432,
9146,
713,
8876,
2145,
4959,
1454,
2611,
2780,
7162,
7607,
1140,
2590,
6781,
7458,
7556,
9435,
7028,
5577,
6481,
404,
525,
880,
6254,
7390,
1407,
6227,
1795,
1809,
3159,
7009,
8713,
8974,
2489,
8742,
7202,
2606,
8023,
8079,
5719,
3792,
6476,
7715,
2993,
4279,
7306,
8429,
7861,
2601,
4460,
6152,
8144,
8607,
8753,
8764,
8266,
1401,
4396,
4604,
4930,
5280,
5579,
5803,
5910,
7294,
5590,
6226,
7986,
8312,
8351,
1035,
6930,
6460,
767,
1050,
1468,
2380,
2722,
3234,
4073,
5974,
7505,
9390,
9560,
9992,
6142,
1684,
2045,
2295,
6736,
7983,
2927,
4763,
3915,
2043,
3368,
5603,
7992,
8184,
8850,
3209,
3795,
5254,
8760,
8071,
9372,
913,
1631,
4621,
5847,
9846,
5699,
8033,
8540,
5608,
4198,
6706,
7637,
1318,
3083,
8676,
1245,
4367,
6122,
753,
2735,
4750,
6021,
6815,
7957,
108,
6598,
6688,
6852,
7943,
8125,
8332,
3112,
1078,
5972,
7610,
4426,
8442,
8898,
132,
1060,
2406,
2628,
477,
3855,
5601,
5688,
9751,
8018,
6127,
6301,
8171,
4494,
4780,
9319,
1578,
4358,
4417,
6487,
8913,
5072,
163,
244,
648,
2697,
1095,
5117,
833,
2678,
7756,
2523,
2788,
6445,
7933,
8095,
1325,
5277,
726,
105,
2909,
4688,
7276,
5622,
360,
1740,
2787,
9604,
2198,
9647,
9820,
3990,
1429,
3584,
6579,
9650,
137,
6654,
902,
5066,
7708,
7911,
8678,
9472,
4879,
5619,
6785,
298,
508,
1984,
3660,
4109,
7089,
3633,
4132,
4970,
9207,
5635,
1262,
1497,
5440,
6489,
8688,
1573,
708,
4319,
7077,
7201,
8612,
9569,
2111,
8433,
5638,
9737,
4381,
8744,
4831,
8549,
2090,
7713,
2458,
5797,
8263,
9809,
1386,
1396,
1608,
3492,
1511,
6181,
7492,
1604,
4938,
801,
1930,
2589,
9244,
7734,
9095,
6332,
6935,
1858,
560,
971,
4523,
1980,
7037,
1580,
305,
2461,
5301,
7360,
2389,
3177,
4774,
5308,
8008,
9482,
4176,
9043,
1326,
1632,
1695,
4776,
6552,
8297,
425,
706,
5326,
5385,
5931,
6754,
9934,
1787,
1909,
4180,
6401,
6784,
7206,
7440,
807,
2179,
2466,
2729,
2955,
5769,
5794,
6145,
6394,
8707,
1905,
1333,
2476,
2524,
9443,
3411,
7868,
9291,
1743,
2594,
4575,
6467,
6856,
7329,
7399,
7547,
9529,
1282,
5558,
8037,
8258,
3612,
7466,
4179,
1203,
1835,
3303,
1936,
2717,
2827,
5913,
6290,
7274,
8915,
4325,
6659,
1161,
5512,
5865,
947,
1062,
3453,
3609,
6761,
7020,
8761,
8091,
2949,
7618,
7881,
6692,
118,
3895,
5504,
7893,
2193,
8032,
1091,
8317,
9687,
2877,
8443,
4210,
6252,
7952,
1022,
2377,
3311,
4016,
4482,
5604,
5736,
7310,
8325,
8350,
8893,
4890,
1130,
4678,
7687,
157,
5048,
2651,
3816,
7186,
8175,
8561,
5899,
1656,
3530,
4255,
5370,
7334,
4560,
6189,
1446,
2332,
6512,
6571,
7059,
9983,
2218,
1813,
3862,
1701,
3570,
8610,
8916,
9955,
7649,
1602,
4231,
4444,
8103,
100,
7093,
1926,
4230,
929,
4145,
4446,
9261,
9744,
3329,
135,
2189,
9549,
4971,
1513,
8930,
9128,
2844,
3054,
6014,
4616,
6360,
6771,
8632,
8638,
1375,
2422,
7567,
9649,
9312,
5180,
6463,
340,
7031,
1888,
6172,
7595,
8735,
703,
1074,
2005,
4264,
6664,
3030,
6544,
6864,
3260,
1066,
1641,
5715,
5923,
7400,
9434,
7937,
2507,
7080,
1707,
1841,
4251,
5849,
6202,
8352,
9866,
6363,
8159,
2107,
9466,
9927,
408,
1533,
3323,
5546,
6657,
7809,
1082,
8794,
8818,
6321,
5844,
9610,
6827,
6752,
337,
9869,
4399,
6770,
2547,
2941,
3979,
5929,
8990,
2550,
233,
1483,
3927,
5988,
6244,
9995,
2059,
3164,
3439,
3678,
7587,
8044,
121,
2772,
8019,
8401,
194,
1190,
4724,
5305,
8728,
6496,
2576,
3240,
7712,
9988,
6450,
8594,
3417,
7246,
9276,
6163,
8848,
4157,
4620,
2007,
1991,
4018,
6735,
510,
3085,
3571,
4537,
3575,
6204,
6531,
2299,
1043,
1697,
3767,
6325,
7692,
8570,
1638,
9119,
3665,
6907,
8052,
8488,
7634,
67,
658,
5130,
9265,
645,
1196,
1354,
4815,
6059,
7347,
9868,
5800,
9831,
9358,
9731,
2995,
9360,
5235,
9870,
795,
4313,
5029,
7369,
8465,
1607,
6790,
7741,
8060,
7779,
1807,
3358,
5935,
4090,
7120,
2913,
3849,
4592,
2641,
6707,
3950,
6959,
234,
7190,
7490,
6996,
77,
9267,
8782,
489,
1392,
5413,
6576,
8562,
9502,
6066,
3328,
3889,
7322,
2264,
7558,
1733,
3246,
5143,
5537,
5581,
8177,
1642,
162,
5168,
6909,
6914,
3760,
6500,
8955,
4904,
6926,
8962,
9379,
357,
2673,
3943,
939,
3488,
3951,
6384,
9437,
9112,
657,
110,
9145,
1758,
9046,
7365,
9396,
7693,
3060,
8973,
2156,
5626,
6932,
7773,
2962,
5645,
8164,
8272,
9048,
524,
3656,
359,
3338,
134,
387,
986,
2459,
6292,
6669,
2649,
3977,
4019,
7585,
1960,
4589,
5141,
5324,
5846,
7416,
8151,
8221,
758,
4945,
7975,
7060,
9981,
1211,
5106,
694,
1759,
4922,
6709,
3377,
8085,
9300,
983,
9711,
991,
2463,
6848,
2405,
1534,
9585,
9712,
1499,
9898,
76,
675,
1153,
2263,
2513,
5963,
7185,
7480,
7512,
8534,
8920,
2586,
4663,
4907,
6373,
8347,
327,
8698,
5544,
1530,
2303,
7826,
7847,
4923,
4165,
9455,
3560,
4131,
2202,
3227,
8324,
8547,
9721,
857,
3345,
5265,
7841,
4053,
7863,
8840,
365,
274,
3904,
5660,
5989,
9083,
9141,
7449,
5282,
75,
184,
1677,
2515,
5414,
636,
7632,
9021,
3448,
4083,
7237,
4163,
6230,
3381,
3480,
9288,
4869,
66,
1360,
7024,
8943,
9799,
3659,
5389,
8474,
4181,
9546,
9806,
9138,
9326,
175,
6860,
8160,
7088,
7603,
6125,
7330,
908,
4127,
9247,
1015,
6411,
3019,
6264,
2908,
4049,
2270,
3005,
7875,
4248,
5091,
5476,
5731,
5523,
2204,
1507,
6132,
7050,
1721,
3021,
6562,
8919,
5345,
8294,
9883,
4761,
3165,
8291,
1939,
461,
2475,
9023,
1389,
2365,
8193,
1978,
3077,
1048,
5012,
9475,
9757,
1472,
3860,
1849,
4633,
231,
1812,
1817,
4641,
5399,
7357,
8045,
2477,
1797,
8346,
1923,
9677,
9949,
107,
6600,
8725,
1851,
5182,
5463,
5532,
7354,
7806,
390,
2511,
1955,
6767,
7879,
697,
1495,
4980,
3835,
8839,
2186,
2201,
4124,
4715,
5043,
6190,
8730,
7281,
4068,
7459,
8667,
6900,
8056,
3228,
1730,
2209,
3000,
4542,
5200,
5417,
8631,
9959,
1276,
6425,
7402,
9873,
677,
1044,
5045,
862,
5453,
1271,
2728,
4252,
4384,
4204,
1046,
9051,
480,
7867,
7004,
8491,
9963,
433,
1567,
2309,
9295,
2911,
6293,
7537,
8788,
5891,
771,
948,
1290,
5382,
6575,
8424,
1515,
1664,
6849,
6887,
3689,
6581,
6633,
8326,
9798,
4588,
5349,
5831,
1804,
9175,
302,
5113,
8219,
7213,
1421,
7291,
772,
3074,
4490,
6691,
7667,
8451,
9389,
4421,
1589,
6273,
7546,
8851,
5317,
686,
1137,
2454,
9906,
7170,
8701,
7966,
2518,
3864,
4453,
7115,
1582,
1793,
6346,
9060,
5864,
9691,
6520,
6816,
9305,
4550,
383,
2335,
4913,
6022,
7606,
4672,
4785,
4267,
1897,
3442,
8623,
5874,
2087,
2023,
6824,
7608,
5293,
3630,
8217,
3115,
4581,
5712,
9320,
2819,
3763,
6514,
1946,
6282,
3050,
5521,
8747,
9557,
3130,
6053,
6101,
1058,
7761,
6044,
2858,
4239,
5639,
7784,
2104,
2816,
6349,
8613,
6201,
1633,
6915,
2957,
8246,
3261,
5832,
7848,
9189,
1303,
7215,
1192,
961,
3305,
5851,
161,
2012,
5174,
6440,
1076,
7221,
8480,
9961,
3536,
7941,
2866,
5077,
5348,
678,
968,
4580,
9142,
3355,
6381,
6802,
8188,
817,
1003,
5102,
7688,
7504,
5044,
7541,
6042,
4769,
1008,
4425,
6962,
8979,
9591,
3996,
5762,
6055,
6737,
209,
1901,
2401,
6717,
729,
6837,
8357,
1002,
1395,
3695,
8968,
1518,
251,
4965,
6416,
7280,
8391,
8769,
4790,
7271,
504,
3387,
6194,
6433,
6746,
6916,
9200,
6247,
5675,
6648,
6574,
56,
152,
2785,
9169,
4982,
195,
7075,
7940,
3961,
9152,
9001,
3661,
7244,
6482,
6609,
5549,
2133,
2363,
6447,
9629,
2013,
2061,
4858,
8187,
6324,
3233,
7502,
7977,
9899,
3307,
3163,
5765,
1444,
3131,
3941,
4031,
4112,
4134,
5089,
8149,
8577,
9224,
9294,
9477,
1151,
4266,
9251,
2003,
4944,
1961,
3321,
3557,
4994,
4301,
389,
5085,
9219,
2183,
3496,
4862,
9611,
843,
9357,
5875,
1180,
4012,
6676,
8677,
3578,
9678,
3372,
4307,
8020,
9116,
9409,
5306,
3428,
4344,
6573,
2175,
805,
4709,
8287,
914,
5772,
8869,
4332,
7218,
7642,
7770,
9277,
4383,
258,
559,
1352,
1488,
2397,
3414,
8,
4508,
4577,
2565,
5761,
5995,
9056,
2062,
3791,
7283,
5407,
8972,
4051,
5052,
6304,
3185,
3906,
3964,
1456,
1426,
3552,
8305,
4423,
5314,
3072,
3258,
3939,
6309,
8223,
8582,
4759,
8548,
8426,
138,
1216,
3198,
9002,
9646,
8058,
8599,
650,
6614,
5445,
9016,
8290,
7533,
467,
2138,
9161,
7819,
2153,
5483,
7350,
776,
974,
3463,
4574,
7066,
7950,
3137,
3558,
8872,
7209,
4679,
8881,
874,
1174,
3711,
8156,
8236,
9450,
8895,
5505,
254,
3208,
7588,
198,
409,
3562,
7069,
9889,
338,
1052,
1510,
1964,
3407,
4455,
7266,
9078,
415,
1464,
1887,
3364,
3373,
4431,
933,
5534,
6093,
7092,
7813,
1037,
4533,
7315,
827,
3195,
4988,
6862,
9833,
87,
1491,
9694,
3861,
5469,
1802,
3616,
4263,
6159,
7695,
8891,
3076,
3157,
3507,
5215,
5716,
7477,
7776,
8765,
9878,
1110,
943,
6374,
7853,
8455,
45,
2834,
8527,
2634,
5936,
9574,
1601,
6223,
9383,
2479,
660,
3232,
3789,
4787,
5202,
7566,
7747,
7964,
9368,
9717,
2292,
235,
139,
1987,
4578,
9317,
269,
2863,
3327,
4005,
8278,
1207,
4528,
4562,
2124,
8732,
6969,
3732,
4220,
6765,
2472,
6074,
649,
855,
5691,
6408,
7165,
5000,
160,
3441,
4369,
7328,
972,
1768,
5941,
7313,
3361,
6315,
8606,
1087,
1283,
1321,
3302,
8663,
8821,
1315,
3191,
5188,
6272,
3009,
6821,
9726,
6,
2902,
6075,
4249,
5384,
5819,
5845,
6635,
7296,
7465,
951,
1369,
1447,
3482,
985,
1861,
2715,
6651,
6400,
7095,
5448,
6305,
604,
6361,
6826,
6112,
9044,
2599,
5623,
1248,
6372,
7044,
3178,
821,
1592,
3615,
4631,
6612,
2745,
7944,
189,
3952,
5053,
1621,
7047,
3787,
4522,
759,
2351,
2702,
3049,
6471,
7764,
9651,
2244,
2890,
3812,
94,
3383,
4443,
5112,
6470,
1943,
5880,
750,
2912,
9816,
5006,
374,
535,
6505,
9105,
3625,
5564,
2034,
1344,
7543,
7683,
9339,
8462,
1329,
5297,
6338,
7108,
7765,
690,
3008,
9278,
8664,
962,
1789,
2387,
3512,
1259,
8841,
1854,
2370,
2379,
4554,
7011,
3047,
9695,
2752,
9872,
3617,
113,
3166,
373,
412,
426,
775,
8670,
8964,
9683,
9327,
4627,
5654,
2860,
9395,
9877,
16,
3581,
7958,
3738,
3713,
6749,
3566,
5541,
7974,
1688,
3531,
4637,
6878,
8062,
8752,
2566,
3628,
6547,
9026,
5833,
3171,
587,
1676,
1729,
2637,
4152,
6072,
6245,
6610,
6888,
8757,
3968,
1279,
2174,
5779,
955,
1235,
2664,
4119,
4219,
5522,
7195,
8522,
1402,
237,
410,
1241,
3111,
4885,
5005,
6647,
1053,
4174,
4886,
440,
8690,
727,
5337,
5885,
6713,
9458,
9555,
2374,
6377,
143,
583,
2579,
3041,
4698,
8054,
1195,
6036,
6461,
8567,
2647,
4009,
8238,
9155,
5842,
2440,
5433,
43,
8191,
5400,
8409,
3465,
5583,
2384,
2442,
2831,
3574,
9045,
7691,
8337,
2800,
4216,
4149,
7469,
8041,
4310,
9888,
5911,
6474,
6008,
4573,
290,
443,
1422,
3729,
5680,
5777,
2643,
6554,
5395,
8574,
9456,
9887,
8204,
8873,
2705,
4764,
5408,
6236,
7090,
7240,
9547,
3942,
1613,
3887,
5157,
5334,
5386,
4106,
7697,
1778,
2695,
2907,
3161,
7167,
2254,
7049,
9442,
6479,
8934,
1101,
1710,
1773,
2316,
4650,
2943,
3086,
3931,
1952,
3869,
4458,
114,
8261,
2269,
1857,
6560,
7233,
7945,
8437,
5617,
8497,
8686,
6924,
1462,
4311,
4602,
7264,
8978,
9730,
7639,
689,
923,
2686,
4050,
4596,
8100,
8804,
4188,
2444,
4004,
6398,
2607,
8375,
4333,
532,
2657,
719,
4524,
4794,
7378,
496,
270,
1486,
2022,
2206,
3532,
3848,
4492,
5997,
7803,
9419,
7175,
7338,
1668,
3235,
7805,
8629,
9223,
4974,
7884,
7438,
5586,
8951,
4768,
5605,
573,
221,
2093,
3211,
5950,
733,
3495,
7232,
9911,
129,
1070,
842,
6266,
7814,
8311,
9965,
1463,
5442,
2820,
5713,
2462,
8756,
8205,
2443,
2838,
5058,
7082,
8946,
8028,
4291,
5401,
8400,
1240,
2236,
5784,
2726,
8359,
4173,
5978,
5759,
3010,
3472,
5291,
5694,
6002,
9106,
8408,
8566,
9282,
9740,
9900,
284,
6629,
9322,
9839,
6050,
3114,
3551,
5725,
6897,
7386,
9829,
2286,
4001,
9903,
4093,
3293,
7662,
1247,
2994,
3138,
3983,
5567,
7238,
8786,
9746,
3193,
684,
6561,
838,
9732,
5788,
1988,
2020,
3820,
3967,
5336,
6572,
86,
5878,
7997,
8774,
1544,
432,
2746,
2757,
7149,
7103,
97,
150,
1611,
2350,
5506,
6639,
2847,
3734,
9361,
4086,
6029,
9408,
3071,
2178,
3723,
6690,
7771,
9036,
3992,
9674,
3459,
192,
1146,
3875,
5316,
6210,
2967,
3425,
7866,
9143,
1528,
1734,
2567,
3484,
4035,
5064,
6054,
8012,
9857,
662,
2344,
3948,
8628,
3063,
2109,
8617,
3226,
5163,
4519,
6958,
8880,
905,
1552,
5412,
9925,
8791,
7663,
2113,
6583,
8819,
1840,
2250,
2681,
4895,
5593,
5930,
6644,
8539,
1183,
1308,
8900,
9635,
8585,
988,
7575,
7982,
2352,
5486,
6898,
7446,
9274,
9999,
5574,
4341,
4322,
203,
804,
3419,
3450,
5011,
6960,
9369,
9515,
2394,
9338,
5217,
7718,
854,
4225,
7590,
8776,
6452,
1587,
141,
1250,
2404,
6952,
946,
1149,
3332,
8376,
1478,
5304,
7506,
1868,
6535,
4480,
2974,
7808,
8844,
9632,
7146,
317,
1072,
4916,
7295,
7651,
2725,
8459,
2163,
5040,
592,
7578,
174,
3265,
7023,
9417,
4365,
1653,
2247,
5661,
8394,
1266,
2009,
2661,
3224,
3363,
6312,
5964,
5966,
7768,
462,
2842,
4957,
7434,
3481,
7015,
7686,
568,
3221,
5535,
6839,
8975,
7119,
1364,
4755,
35,
3288,
3559,
2648,
5378,
787,
970,
1124,
2748,
6124,
9033,
279,
829,
3404,
3840,
7654,
9511,
581,
2300,
3710,
7157,
4584,
7085,
7810,
8255,
8533,
952,
1209,
4857,
4867,
7320,
2570,
4046,
4493,
4714,
6078,
8733,
5405,
9971,
4095,
1872,
7411,
3529,
9788,
1356,
2140,
2980,
4108,
5248,
7445,
9837,
2255,
526,
2716,
240,
1529,
9907,
3737,
465,
1061,
1968,
2028,
3867,
4881,
6640,
7797,
9620,
721,
4991,
7006,
8526,
5088,
1188,
6037,
6137,
9939,
7552,
4572,
1660,
411,
976,
2473,
5329,
1384,
1388,
1583,
3268,
3384,
3399,
4739,
7152,
8074,
894,
8186,
542,
4654,
965,
4924,
6491,
6637,
6797,
7913,
6422,
1609,
2583,
5889,
7846,
9448,
7194,
901,
9664,
85,
1311,
1876,
3716,
4819,
2098,
4635,
6322,
6358,
7843,
8918,
9684,
2782,
6057,
8721,
9053,
9616,
4978,
1903,
2539,
2883,
5285,
6106,
7707,
8212,
2727,
79,
2672,
3597,
3771,
1650,
3976,
8256,
2587,
4845,
4883,
5239,
8857,
2256,
4947,
802,
860,
3277,
3548,
4000,
5001,
5046,
5475,
8829,
3152,
3471,
4024,
4296,
4891,
9084,
384,
8203,
68,
146,
262,
1135,
2536,
2639,
2659,
7528,
3375,
8487,
851,
6279,
614,
2707,
5164,
2002,
7091,
7436,
8403,
95,
7994,
9850,
4582,
7577,
2029,
2167,
7955,
9499,
434,
2148,
2713,
9625,
6220,
5877,
99,
6434,
6786,
794,
1332,
2797,
7332,
7118,
9924,
3025,
5147,
7837,
8696,
9431,
2,
1415,
2614,
9905,
346,
5952,
7305,
9089,
932,
3614,
4981,
6343,
264,
3176,
4228,
5924,
6892,
2650,
7102,
8380,
1145,
5350,
8257,
196,
818,
4877,
7519,
7976,
3061,
9069,
7181,
8843,
3761,
4525,
4286,
6944,
9237,
1783,
5646,
5734,
4807,
8021,
717,
1139,
625,
5515,
2946,
3081,
9015,
1599,
9399,
3386,
3981,
6507,
7235,
3620,
9065,
8660,
5216,
5351,
7855,
2092,
628,
5939,
6891,
3905,
6866,
9648,
1646,
505,
3704,
7753,
392,
1581,
2724,
7745,
8999,
9774,
1012,
2310,
3933,
5585,
1512,
2631,
4962,
5259,
9249,
330,
8838,
8911,
3639,
5381,
6073,
7013,
2893,
4558,
7419,
1963,
2291,
4628,
6833,
6899,
7960,
6397,
2888,
3776,
9679,
5018,
318,
3666,
2064,
7451,
1492,
376,
7883,
9539,
1703,
2445,
5782,
7159,
1159,
2646,
8088,
1893,
4832,
6094,
6681,
8271,
352,
9457,
6865,
692,
6719,
8662,
2423,
4900,
1674,
2934,
3583,
5451,
6803,
8812,
823,
3838,
8097,
9541,
46,
866,
1319,
2498,
3714,
4811,
5093,
5706,
7223,
7822,
8703,
368,
2561,
9794,
1593,
306,
1256,
2493,
9669,
3035,
6485,
1881,
4435,
292,
3938,
9921,
2276,
7638,
7922,
9600,
1794,
646,
9233,
4316,
4855,
8354,
5857,
6751,
8708,
9708,
80,
5900,
24,
1041,
1057,
1083,
1317,
2424,
3403,
3555,
3573,
3966,
4464,
4901,
7598,
3516,
1799,
4733,
2338,
561,
2180,
2558,
3534,
995,
2552,
2852,
6555,
9449,
1424,
1996,
7508,
4532,
6840,
7650,
9127,
1836,
737,
9425,
4059,
5621,
7204,
5388,
8878,
529,
2560,
3705,
5787,
9429,
1193,
5493,
7914,
6359,
7163,
4823,
734,
8808,
1949,
185,
1566,
6766,
60,
156,
6808,
2427,
4133,
7052,
8513,
3853,
2981,
153,
190,
3899,
7703,
9582,
313,
6353,
6674,
9321,
778,
1126,
9068,
5625,
6919,
7169,
3987,
1434,
4639,
533,
3426,
6412,
2872,
8575,
8883,
84,
1104,
8509,
9183,
7040,
8288,
9438,
1228,
7303,
8897,
601,
2976,
8863,
364,
1181,
4826,
1564,
394,
8392,
4941,
3846,
5437,
5871,
8262,
4002,
7356,
9727,
6448,
9061,
1744,
259,
2483,
6516,
6829,
8025,
9689,
5760,
742,
1267,
6218,
8343,
1749,
9099,
9931,
1576,
3413,
9003,
3794,
603,
740,
2522,
3028,
5138,
5491,
243,
1920,
3758,
7749,
65,
7491,
2227,
6658,
5722,
3326,
3886,
563,
4208,
5409,
6403,
7151,
704,
7126,
8206,
5233,
5698,
6274,
9913,
2017,
3392,
5169,
2409,
3140,
8117,
8243,
2407,
6079,
7870,
8654,
4261,
5153,
5928,
3972,
777,
8121,
9075,
6278,
2242,
1063,
5678,
6606,
30,
870,
2127,
4055,
7270,
8853,
6306,
4209,
4983,
7833,
403,
18,
1019,
1735,
2970,
187,
4178,
1680,
3292,
4229,
4409,
7208,
7261,
7397,
459,
8116,
9262,
4076,
2359,
8412,
1831,
7527,
8355,
1971,
3954,
6259,
3523,
8454,
2534,
4043,
5099,
300,
2006,
4140,
5390,
9785,
702,
1030,
7798,
6019,
2973,
4647,
5379,
6469,
7903,
9070,
142,
7856,
4570,
5184,
8152,
8360,
868,
3136,
9134,
62,
4293,
4848,
4414,
1093,
1671,
2526,
3653,
3722,
7684,
9126,
314,
8879,
9253,
2951,
1,
869,
4963,
9626,
9159,
102,
1156,
2446,
454,
1821,
3400,
5838,
5684,
7412,
8251,
7212,
8415,
1106,
1826,
4418,
9109,
9355,
2839,
2989,
8461,
8887,
9445,
9819,
1824,
2855,
3487,
5213,
7122,
832,
7160,
6082,
8478,
5886,
2128,
7959,
8836,
9164,
2963,
572,
2610,
3080,
3188,
5570,
2885,
6143,
6673,
7078,
1119,
1280,
3539,
738,
2293,
5338,
3847,
4161,
4828,
8463,
8518,
4070,
1450,
2961,
8310,
1517,
5071,
5776,
423,
446,
867,
8695,
4081,
8941,
9489,
3160,
2810,
4232,
6216,
3759,
1753,
1953,
7584,
2222,
2312,
2709,
2923,
4977,
6241,
6769,
8329,
8993,
9805,
4034,
6256,
23,
5829,
9818,
5227,
91,
9205,
3676,
6203,
7789,
9217,
9337,
3067,
3169,
3499,
7978,
8748,
4295,
4036,
2936,
4260,
4514,
2492,
3405,
3799,
5247,
6222,
1724,
5749,
7670,
6497,
6611,
618,
1678,
2371,
2825,
2881,
3023,
6551,
9842,
2360,
1549,
286,
2975,
8596,
7197,
8190,
9563,
8036,
2319,
7128,
2808,
5543,
1113,
9093,
7510,
8035,
2656,
1381,
7216,
7252,
7456,
6449,
8668,
1570,
4159,
5920,
7714,
2568,
5992,
7220,
8220,
2795,
7027,
8578,
9775,
7142,
4856,
5801,
5967,
7003,
9333,
9367,
2538,
2597,
53,
2329,
8749,
2383,
7807,
218,
1199,
2077,
3823,
5659,
9847,
887,
3104,
1285,
1521,
3205,
3564,
9167,
3845,
989,
1882,
3143,
3546,
3706,
9388,
402,
3731,
4160,
4196,
6480,
479,
1260,
2162,
5137,
6990,
7786,
8399,
6024,
1380,
2765,
4727,
9777,
3247,
4605,
5642,
6701,
6876,
246,
6013,
1941,
2311,
3824,
3897,
3975,
4400,
4498,
6354,
7383,
9416,
9506,
9901,
5129,
6739,
7468,
9908,
3535,
8063,
2115,
4758,
9187,
308,
3517,
5999,
7894,
2434,
4491,
2662,
8367,
2356,
6034,
449,
170,
7147,
7443,
7904,
8227,
6049,
9552,
1055,
6144,
9343,
5700,
1210,
8000,
9948,
6399,
9527,
9778,
2426,
3475,
1117,
1011,
6964,
3504,
4056,
5229,
8927,
5804,
1345,
3501,
7963,
4770,
9365,
2232,
1842,
3275,
3912,
6625,
5793,
7278,
8323,
7307,
9942,
1659,
6734,
7300,
6982,
9771,
8361,
3544,
3647,
7132,
7917,
3317,
4033,
4958,
5119,
5501,
6789,
7210,
9865,
790,
4040,
3194,
8167,
8285,
9118,
2173,
4841,
6068,
1400,
4804,
9097,
3449,
3756,
5075,
6104,
7698,
3811,
8658,
1168,
5261,
5807,
7569,
9618,
2954,
8501,
6198,
8531,
617,
680,
2468,
3603,
8868,
50,
4064,
6118,
9129,
268,
282,
7148,
1535,
7892,
2048,
2791,
5555,
1225,
9005,
2015,
3890,
4782,
6362,
6697,
1541,
2660,
2882,
3561,
6095,
8981,
9871,
3168,
8005,
8476,
9481,
9951,
429,
1337,
1560,
5947,
4142,
3101,
8803,
4374,
4463,
455,
3913,
4244,
9660,
6052,
822,
1098,
7007,
9602,
8475,
792,
6080,
7084,
9213,
9292,
7127,
762,
6922,
7755,
7133,
566,
7739,
4999,
9102,
856,
2857,
484,
3607,
9071,
9130,
457,
550,
3272,
3440,
4756,
6910,
7725,
8434,
5933,
562,
1922,
2465,
4027,
5647,
5818,
6966,
3352,
3680,
5346,
6662,
124,
2482,
4170,
7737,
8823,
5234,
42,
2982,
3084,
3879,
6704,
8232,
8059,
9882,
2983,
4778,
2318,
3167,
4187,
4840,
8814,
3842,
4357,
6139,
281,
5104,
7406,
9973,
1166,
5859,
3645,
9354,
32,
6030,
6146,
7366,
299,
2080,
7923,
1932,
4442,
5520,
8687,
4905,
6699,
6957,
9667,
9120,
5148,
3473,
6040,
2582,
4729,
7744,
7835,
5771,
9962,
6886,
1473,
1788,
6495,
1764,
4898,
5354,
6868,
41,
1494,
7732,
6333,
6356,
6846,
8034,
5487,
9004,
4347,
4955,
2177,
3006,
6393,
1131,
6378,
7652,
9258,
4449,
5279,
6130,
1771,
9035,
1200,
9204,
130,
7150,
6903,
4687,
3790,
3805,
9301,
4195,
1756,
5430,
6260,
7454,
6147,
8402,
9019,
219,
766,
960,
2289,
5526,
7630,
7921,
8643,
9531,
6131,
5020,
9430,
4547,
7631,
7891,
9978,
814,
1715,
5002,
8706,
4510,
6977,
4177,
4875,
2879,
5160,
4148,
1312,
3674,
5429,
6724,
8039,
8709,
4742,
9748,
4201,
3270,
3839,
5037,
5223,
5281,
8390,
8675,
4949,
2829,
4751,
6342,
6894,
9859,
4395,
294,
9624,
710,
3747,
5127,
9909,
3719,
27,
2837,
5198,
8969,
9473,
9512,
5968,
2325,
8161,
6069,
1391,
2532,
9227,
8947,
3871,
2665,
5485,
5514,
7655,
2485,
7620,
7887,
793,
4190,
6406,
9027,
1725,
8254,
1147,
2809,
3949,
4559,
7792,
6976,
5078,
6239,
8342,
1385,
2747,
3619,
3993,
7564,
4844,
5428,
8767,
9841,
1556,
1411,
4976,
1747,
8370,
9598,
6666,
7286,
6628,
7135,
909,
1371,
1640,
4214,
8508,
1458,
1928,
2700,
5257,
6993,
2543,
336,
4509,
3801,
1419,
879,
2125,
7025,
7938,
6297,
8894,
2615,
1171,
4667,
2898,
4047,
4615,
1263,
2670,
781,
8348,
9491,
7901,
3593,
4666,
8656,
8961,
9974,
151,
1284,
3527,
1992,
122,
3798,
4022,
4909,
5677,
7401,
7865,
7981,
1883,
3881,
3892,
3034,
7828,
4942,
8902,
2083,
2231,
6947,
1563,
2706,
5703,
8318,
593,
9969,
3106,
9297,
3222,
2990,
3445,
5897,
7582,
326,
1838,
5264,
7460,
6323,
5668,
8810,
9115,
3212,
7680,
5695,
3953,
9299,
8777,
8740,
8890,
806,
5375,
9564,
748,
2130,
4416,
5600,
8182,
397,
899,
5352,
8715,
2734,
5103,
6748,
7290,
1132,
1935,
2056,
9718,
7056,
2441,
6545,
6811,
5664,
491,
7,
6173,
9524,
1398,
4100,
6566,
7568,
8630,
6603,
1827,
2563,
2783,
3420,
6077,
3351,
4800,
3503,
782,
8641,
6031,
111,
2608,
5032,
5554,
1477,
3039,
3257,
4236,
5640,
7226,
9181,
2753,
9484,
7304,
7628,
247,
1125,
1867,
7906,
8131,
381,
2142,
4932,
5087,
5367,
9283,
9693,
1891,
5162,
6731,
571,
6559,
8636,
871,
1565,
4699,
8929,
9946,
238,
639,
9298,
616,
926,
2595,
3648,
9028,
1376,
3718,
1085,
6601,
3752,
8397,
9578,
7481,
7668,
7946,
9874,
2509,
3433,
6721,
7622,
1792,
3782,
6317,
6587,
7529,
1690,
2288,
4585,
2391,
2873,
4193,
5511,
6569,
6178,
8073,
8936,
643,
1736,
2845,
4664,
8751,
4626,
6280,
7601,
5536,
73,
2408,
2840,
3602,
5203,
6626,
7796,
9734,
9426,
659,
1554,
4613,
9860,
1523,
2931,
3491,
5218,
6641,
8600,
2604,
3631,
4546,
5775,
6231,
6665,
8122,
9617,
2099,
2880,
4194,
6727,
8971,
6451,
1390,
5010,
7033,
9135,
1503,
2669,
3493,
395,
1103,
5755,
6196,
9191,
6248,
7457,
61,
500,
515,
3928,
4745,
5513,
9716,
3520,
7427,
3958,
3945,
4430,
984,
5432,
7166,
3982,
5372,
5791,
7612,
9735,
104,
4364,
5817,
9272,
8134,
8166,
8738,
1709,
8213,
4851,
5263,
5359,
1628,
9293,
9844,
1670,
3155,
8544,
2097,
2313,
4771,
7349,
8011,
9826,
2952,
4506,
9192,
2696,
7989,
9454,
7520,
3525,
6387,
2768,
6741,
9447,
9719,
2134,
2480,
4088,
6526,
6963,
7144,
8471,
5457,
544,
653,
2875,
5663,
5721,
5993,
707,
5714,
9652,
2925,
2106,
6153,
6937,
6225,
5994,
7751,
1679,
6370,
4102,
9022,
1274,
7259,
9229,
695,
3153,
261,
4713,
5870,
9739,
1265,
1551,
3266,
3957,
6376,
7487,
7309,
6872,
11,
2000,
8006,
9038,
7653,
735,
4775,
1584,
9832,
5636,
5596,
5996,
9537,
3210,
6773,
7248,
4829,
2939,
3592,
2367,
2733,
4362,
5981,
71,
2817,
2891,
2979,
3042,
3641,
4020,
4612,
8374,
8778,
3970,
7710,
743,
904,
1823,
1925,
2315,
2196,
5039,
3693,
4984,
5781,
6742,
2774,
4271,
348,
3335,
5170,
6043,
6464,
8328,
9528,
1558,
4606,
2512,
6905,
9290,
1791,
4234,
1150,
5643,
3825,
5118,
1425,
1669,
2490,
5271,
7999,
1471,
4556,
8680,
6588,
7896,
28,
1686,
2354,
2749,
1359,
2306,
4576,
7729,
907,
918,
2261,
5136,
5331,
8556,
9916,
557,
3960,
5312,
7486,
1591,
1526,
2046,
3253,
9072,
5025,
7696,
8906,
770,
5059,
9997,
9977,
4645,
123,
1969,
2850,
6979,
2078,
165,
5825,
6716,
6383,
3242,
3608,
5881,
8003,
3673,
4107,
7700,
9580,
937,
8381,
9201,
1436,
2557,
9671,
70,
1049,
9943,
7909,
8992,
3044,
3095,
4298,
147,
1467,
8932,
4767,
7083,
1016,
2418,
2467,
6251,
6283,
6368,
8201,
788,
8692,
9241,
4716,
2385,
6478,
7136,
8766,
3844,
763,
1579,
2895,
4479,
5790,
2014,
54,
2452,
5383,
9405,
1873,
4632,
2235,
3521,
8293,
8985,
6107,
7188,
7586,
7760,
9125,
7302,
9171,
9940,
9234,
2691,
4346,
9568,
2786,
7872,
388,
3727,
7898,
9054,
2065,
3802,
5419,
3793,
256,
6319,
6836,
4817,
6668,
9279,
890,
7131,
1620,
6805,
5278,
7934,
3043,
6774,
7141,
3245,
6390,
7073,
1657,
3196,
4478,
9385,
1006,
1109,
534,
3934,
4441,
6335,
8027,
915,
1572,
5196,
9348,
624,
1973,
8135,
634,
9041,
9522,
5028,
6661,
8912,
2114,
7633,
1666,
5396,
8447,
5033,
400,
